87839968,Beck,Raymond,30/10/1966,M,6/4/2023,JUBILADO,20/4/2024,A,0/0/0
83301602,Cooper,Julia,11/11/1943,M,27/4/2023,ADULTO,18/2/2020,A,0/0/0
11319265,Jones,Brandon,15/5/1986,M,24/12/2021,CADETE,3/4/2021,A,0/0/0
51021972,Russell,Hannah,5/7/2010,F,1/3/2020,JUBILADO,21/5/2024,I,6/9/2021
24882896,Barron,Heather,5/3/2015,M,5/6/2023,JUBILADO,23/5/2022,A,0/0/0
61195890,Sanchez,Julie,16/10/2018,F,17/5/2024,CADETE,27/5/2024,A,0/0/0
93559114,Martin,Henry,13/3/1957,M,3/11/2023,VITALICIO,4/5/2023,I,6/9/2021
44065339,Delacruz,Luis,17/8/1938,F,18/09/2021,CADETE,7/2/2020,A,0/0/0
42417164,Lane,Anna,25/11/1934,F,26/10/2023,HONORARIO,21/2/2022,I,6/9/2021
65594860,Smith,Caitlin,22/2/1978,F,08/03/2020,MENOR,8/1/2023,A,0/0/0
45123789,Miller,John,5/6/1954,M,12/7/2022,VITALICIO,14/3/2021,A,0/0/0
59281643,Clark,Olivia,12/1/1980,F,3/4/2021,ADULTO,9/6/2024,I,12/10/2022
75983126,White,James,19/8/1972,M,28/2/2023,JUBILADO,25/5/2022,A,0/0/0
42819376,Harris,Patricia,14/4/2008,F,15/5/2022,MENOR,1/9/2023,I,8/11/2021
61739482,Walker,Karen,27/9/1947,F,17/6/2020,CADETE,19/7/2024,A,0/0/0
23491658,Young,Thomas,21/12/1969,M,2/2/2023,VITALICIO,16/4/2021,A,0/0/0
87153924,Allen,Barbara,8/7/1955,F,22/1/2022,HONORARIO,10/5/2020,I,14/3/2023
34218590,King,Emily,4/3/1985,F,19/8/2021,CADETE,12/2/2021,A,0/0/0
71946328,Wright,Steven,30/9/1962,M,9/5/2022,JUBILADO,30/3/2020,I,7/12/2022
58162930,Lopez,Jennifer,22/11/2004,F,11/7/2023,MENOR,2/8/2022,A,0/0/0
62583419,Green,Christopher,7/10/1974,M,5/12/2022,ADULTO,18/9/2021,I,13/11/2021
92384167,Baker,Elizabeth,16/2/1945,F,23/11/2020,JUBILADO,22/1/2023,A,0/0/0
76198243,Adams,Robert,3/8/1951,M,6/4/2021,HONORARIO,4/10/2023,I,2/2/2023
51983746,Nelson,Mary,19/6/1982,F,12/9/2023,VITALICIO,14/5/2024,A,0/0/0
81472639,Carter,Linda,24/5/1979,F,17/3/2022,CADETE,10/6/2023,I,18/12/2021
62819453,Mitchell,David,1/11/1948,M,30/1/2021,JUBILADO,5/7/2024,A,0/0/0
34928157,Roberts,Michael,28/2/1967,M,25/8/2020,MENOR,21/4/2021,I,9/9/2022
51947382,Turner,Amy,15/12/2002,F,29/6/2023,ADULTO,13/8/2020,A,0/0/0
21836497,Phillips,Anthony,20/3/1953,M,13/2/2022,HONORARIO,8/9/2022,I,5/10/2022
63481279,Campbell,Deborah,9/4/1987,F,16/11/2021,VITALICIO,7/1/2024,A,0/0/0

